Names,Intelligence,Strength,Speed,Durability,Power,Combat
3-D Man,55.0,9.0,9.0,9.0,60.0,30.0
A-Bomb,55.0,95.0,65.0,65.0,55.0,65.0
Abomination,72.5,95.0,62.5,72.5,70.0,72.5
Above All Others,100.0,100.0,100.0,100.0,100.0,100.0
Abraham Erskine,87.5,1.0,1.0,4.5,0.0,0.0
Abraxas,100.0,100.0,100.0,100.0,100.0,70.0
Absalom,60.0,1.0,1.0,30.0,70.0,50.0
Absorbing Man,48.33,75.0,40.67,78.33,73.33,55.0
Adam Warlock,75.0,100.0,75.0,100.0,90.0,60.0
Adam-X,55.0,6.0,25.0,30.0,65.0,55.0
Adolf Hitler,80.0,1.0,1.0,10.0,5.0,45.0
Aegis,100.0,100.0,100.0,100.0,100.0,80.0
Aeturnum,70.0,25.0,11.0,12.0,70.0,60.0
Agamotto,95.0,100.0,100.0,100.0,100.0,90.0
Agatha Harkness,72.5,35.0,37.5,42.5,85.0,52.5
Agent 13,70.0,1.0,8.0,15.0,15.0,95.0
Agent Anti-Venom,70.0,55.0,35.0,35.0,65.0,90.0
Agent Coulson,62.5,1.0,3.5,5.0,5.5,35.0
Agent Venom,70.0,25.0,30.0,30.0,65.0,100.0
Agent Zero,65.0,5.0,17.0,10.0,15.0,85.0
Agony,50.0,25.0,25.0,50.0,60.0,70.0
Aguja,60.0,1.0,9.0,35.0,60.0,40.0
Ahura Mazda,100.0,95.0,100.0,100.0,100.0,80.0
Air-Walker,50.0,100.0,100.0,100.0,90.0,80.0
Aja-Adanna,85.0,25.0,25.0,20.0,35.0,80.0
Ajak,75.0,62.5,53.5,57.5,75.0,75.0
Ajax,65.0,15.0,6.0,10.0,10.0,75.0
Akhenaten,100.0,100.0,100.0,100.0,100.0,100.0
Aldrich Killian,75.0,5.0,6.0,25.0,50.0,60.0
Alioth,42.5,100.0,58.5,87.5,95.0,30.0
All-Black,80.0,100.0,100.0,100.0,100.0,70.0
All-Father Bor,90.0,100.0,100.0,100.0,100.0,95.0
All-Father Thor,95.0,100.0,100.0,100.0,100.0,90.0
All-Father Ultron,100.0,100.0,100.0,100.0,100.0,80.0
All-Mother Frigga,80.0,55.0,75.0,100.0,100.0,90.0
All-father Thor,95.0,100.0,100.0,100.0,100.0,100.0
Alter Ego,75.0,100.0,100.0,95.0,95.0,50.0
Amadeus Cho,90.0,50.5,43.0,55.0,52.5,42.5
Ancient One,85.0,50.5,62.5,55.0,87.5,85.0
Android Wolverine,30.0,25.0,8.0,35.0,0.0,100.0
Andromeda,0.0,0.0,0.0,0.0,0.0,0.0
Angel,57.5,15.0,25.0,13.5,40.0,50.0
Angel Dust,55.0,25.0,6.0,20.0,40.0,50.0
Angel Salvadore,55.0,1.0,25.0,15.0,50.0,50.0
Angela,70.0,100.0,75.0,60.0,65.0,100.0
Annihilation,95.0,95.0,75.0,80.0,80.0,70.0
Annihilus,65.0,100.0,100.0,75.0,85.0,80.0
Answer,45.0,1.0,19.0,9.0,20.0,40.0
Ant-Man,78.33,28.67,19.33,20.0,31.67,56.67
Ant-Venom,60.0,50.0,25.0,30.0,60.0,75.0
Anthony Stark,90.0,25.0,25.0,35.0,65.0,70.0
Anthropomorpho,100.0,100.0,100.0,100.0,100.0,20.0
Anti-Man,90.0,100.0,100.0,100.0,100.0,90.0
Anti-Venom,60.0,40.0,25.0,47.5,62.5,72.5
Anti-Venom II,50.0,30.0,25.0,60.0,65.0,70.0
Anti-Vision,95.0,100.0,100.0,100.0,100.0,90.0
Apocalypse,88.12,81.88,32.38,65.0,91.25,58.75
Apollo,90.0,75.0,100.0,75.0,100.0,80.0
Archangel,60.0,12.33,26.67,20.0,55.0,50.0
Ardina,60.0,100.0,100.0,100.0,100.0,30.0
Ares,80.0,90.0,75.0,95.0,80.0,100.0
Arishem The Judge,100.0,100.0,100.0,91.67,100.0,76.67
Arkea,95.0,25.0,25.0,60.0,90.0,30.0
Armadillo,45.0,35.0,25.0,55.0,30.0,45.0
Armageddon,55.0,100.0,25.0,70.0,100.0,40.0
Arnim Zola,83.33,13.0,17.0,13.33,31.67,23.33
Artume,70.0,60.0,30.0,80.0,60.0,90.0
Ashema The Listener,100.0,100.0,95.0,100.0,100.0,60.0
Aspirant,100.0,100.0,100.0,90.0,100.0,40.0
Astronomer,95.0,1.0,100.0,20.0,80.0,50.0
Athena,95.0,80.0,50.0,80.0,80.0,100.0
Atleza,100.0,100.0,100.0,100.0,100.0,20.0
Atli,70.0,100.0,90.0,70.0,85.0,85.0
Atum,100.0,100.0,100.0,100.0,100.0,100.0
Aunt May,50.0,1.0,1.0,6.0,0.0,15.0
Aurora,65.0,10.0,80.0,30.0,50.0,60.0
Avenger X,60.0,1.0,11.0,10.0,50.0,50.0
Ayo,65.0,6.0,7.0,10.0,5.0,85.0
Azazel,57.5,14.5,24.5,32.5,45.0,80.0
Baby Groot,45.0,1.0,1.0,10.0,10.0,15.0
Balder,70.0,75.0,100.0,75.0,70.0,85.0
Banshee,60.0,7.0,25.0,12.5,45.0,57.5
Baron Mordo,72.5,65.0,62.5,65.0,85.0,62.5
Baron Strucker,70.0,25.0,17.0,15.0,35.0,70.0
Baron Zemo,81.67,6.0,16.67,13.33,15.0,76.67
Baroness Blood,65.0,25.0,25.0,15.0,20.0,80.0
Bast,75.0,75.0,25.0,85.0,90.0,100.0
Batroc,65.0,20.0,25.0,15.0,15.0,95.0
Batroc The Leaper,65.0,5.0,13.0,10.0,10.0,80.0
Battlestar,60.0,15.0,16.5,15.0,20.0,70.0
Beast,87.5,19.0,18.0,20.0,42.5,55.0
Beauty,75.0,1.0,50.0,10.0,20.0,40.0
Bee-Yonder,95.0,100.0,100.0,100.0,100.0,60.0
Beetle,80.0,25.0,30.0,25.0,25.0,40.0
Bei The Blood Moon,45.0,5.0,6.0,20.0,65.0,70.0
Beta Ray Bill,70.0,100.0,100.0,100.0,100.0,80.0
Beyonder,100.0,100.0,100.0,98.0,100.0,90.0
Big M,50.0,1.0,25.0,50.0,70.0,40.0
Big Mother,65.0,85.0,80.0,45.0,65.0,80.0
Big Wheel,50.0,1.0,25.0,30.0,20.0,10.0
Binary,70.0,100.0,100.0,100.0,100.0,80.0
Bishop,65.0,21.67,35.67,45.0,56.67,70.0
Black Bolt,65.0,57.5,47.5,57.5,82.5,82.5
Black Cat,72.5,45.0,42.0,40.0,57.5,75.0
Black Death,60.0,75.0,30.0,75.0,90.0,90.0
Black Dwarf,45.0,87.5,27.5,77.5,65.0,70.0
Black Knight,80.0,16.5,37.5,37.5,55.0,90.0
Black Panther,88.33,50.0,49.44,50.22,51.67,97.78
Black Priests,100.0,100.0,100.0,100.0,100.0,100.0
Black Widow,77.22,8.33,18.11,24.89,37.44,94.44
Blackheart,87.5,65.0,62.5,65.0,75.0,60.0
Blackout,60.0,10.0,30.0,50.0,65.0,35.0
Blade,62.5,22.5,25.0,22.5,35.0,87.5
Blazing Skull,55.0,10.0,25.0,20.0,35.0,50.0
Blindspot,75.0,8.0,17.0,15.0,20.0,80.0
Blink,60.0,1.0,8.5,7.5,22.5,45.0
Blob,50.0,27.5,15.5,35.0,42.5,50.0
Bloodstone,70.0,8.0,20.0,15.0,20.0,80.0
Bloodstrike,50.0,75.0,20.0,60.0,90.0,95.0
Blue Marvel,95.0,100.0,100.0,100.0,100.0,95.0
Bor Burison,85.0,100.0,100.0,100.0,100.0,80.0
Boris,60.0,13.0,8.0,15.0,40.0,40.0
Bradley,55.0,1.0,1.0,5.0,40.0,40.0
Brian Banner,80.0,5.0,10.0,10.0,50.0,20.0
Bride Of Nine Spiders,70.0,15.5,15.5,15.0,35.0,95.0
Britannia,60.0,1.0,1.0,13.0,50.0,45.0
Brother Mutant,55.0,25.0,35.0,60.0,100.0,80.0
Brother Voodoo,70.0,10.0,80.0,85.0,100.0,75.0
Bruce Banner,90.0,5.0,10.0,10.0,30.0,60.0
Brün,65.0,60.0,75.0,85.0,85.0,95.0
Bullseye,63.33,10.67,13.33,10.0,13.33,73.33
Burke,60.0,1.0,1.0,7.0,65.0,19.0
Bushman,60.0,13.0,6.0,15.0,20.0,80.0
Bushwacker,60.0,13.0,19.0,15.0,35.0,75.0
Cable,73.33,19.67,33.67,40.0,51.67,86.67
Caiera,70.0,100.0,80.0,75.0,85.0,100.0
Caliban,60.0,1.0,1.0,10.0,40.0,40.0
Callisto,60.0,1.0,25.0,10.0,50.0,50.0
Callus The Void,100.0,100.0,100.0,90.0,95.0,50.0
Candra,60.0,1.0,12.0,35.0,60.0,40.0
Captain America,73.12,36.31,37.56,34.75,49.38,93.12
Captain Britain,72.5,20.0,25.0,21.5,30.0,47.5
Captain Carter,65.0,30.0,11.0,15.0,25.0,85.0
Captain Mar-vell,75.0,100.0,100.0,100.0,100.0,95.0
Captain Marvel,61.88,70.0,70.0,59.38,84.38,80.0
Captain Planet,90.0,100.0,80.0,90.0,100.0,70.0
Captain Ultra,55.0,30.0,25.0,25.0,30.0,50.0
Captain Universe,83.18,100.0,100.0,99.55,99.09,82.73
Cardinal,55.0,1.0,8.0,10.0,50.0,50.0
Caregiver,95.0,25.0,80.0,15.0,60.0,30.0
Carnage,65.71,42.29,34.86,33.57,60.0,73.57
Carnom,55.0,25.0,20.0,20.0,60.0,40.0
Carol Danvers,72.5,50.5,43.5,46.0,50.0,77.5
Carol Rhodes,55.0,1.0,1.0,20.0,55.0,30.0
Celeste Cuckoo,55.0,25.0,6.0,70.0,70.0,15.0
Celestial Destructor,100.0,100.0,100.0,100.0,100.0,50.0
Challenger,100.0,100.0,100.0,100.0,100.0,100.0
Chameleon,70.0,5.0,13.0,10.0,20.0,75.0
Champion,60.0,95.0,35.0,95.0,80.0,100.0
Champion Of The Universe,60.0,100.0,100.0,100.0,100.0,100.0
Chaos King,100.0,100.0,100.0,100.0,100.0,75.0
Chaos War Abomination,65.0,100.0,90.0,100.0,100.0,70.0
Chaos War Hercules,75.0,100.0,100.0,100.0,100.0,80.0
Chester Phillips,50.0,1.0,1.0,7.0,6.0,25.0
Chimera,55.0,5.0,7.0,5.0,70.0,70.0
Chitauri Footsoldier,55.0,13.0,8.0,10.0,10.0,55.0
Choir,45.0,1.0,1.0,20.0,50.0,40.0
Christian Frost,55.0,1.0,1.0,30.0,40.0,19.0
Christine Palmer,70.0,1.0,6.0,10.0,5.0,10.0
Chthon,100.0,100.0,100.0,100.0,100.0,60.0
Claire Temple,62.5,1.0,6.0,10.0,5.0,40.0
Clash,90.0,5.0,13.0,15.0,10.0,50.0
Classic Loki,75.0,25.0,17.0,20.0,70.0,70.0
Clea,80.0,25.0,100.0,100.0,100.0,75.0
Cloak,60.0,1.0,75.0,35.0,60.0,35.0
Clyde Wyncham,75.0,100.0,100.0,100.0,100.0,10.0
Codex,90.0,55.0,25.0,40.0,75.0,80.0
Collective Man,60.0,25.0,20.0,20.0,30.0,70.0
Colleen Wing,60.0,5.0,13.0,15.0,15.0,100.0
Colossus,55.0,75.0,25.0,60.0,60.0,60.0
Commander Steve Rogers,65.0,25.0,25.0,20.0,40.0,100.0
Contemplator,95.0,1.0,95.0,20.0,75.0,60.0
Corruptor,50.0,1.0,1.0,5.0,15.0,20.0
Corsair,60.0,1.0,1.0,5.0,10.0,45.0
Corvus Glaive,71.67,25.0,23.67,41.67,56.67,80.0
Cosmic Ghost Phoenix Rider,85.0,100.0,100.0,100.0,100.0,95.0
Cosmic Ghost Rider,70.0,100.0,100.0,95.0,100.0,100.0
Cosmic Immortal Hulk,100.0,100.0,100.0,100.0,100.0,100.0
Cosmic King Thor,95.0,100.0,100.0,100.0,100.0,100.0
Cosmic Korvac,100.0,100.0,100.0,100.0,100.0,80.0
Cosmo The Spacedog,70.0,5.0,25.0,20.0,70.0,20.0
Count Nefaria,80.0,90.0,100.0,75.0,85.0,60.0
Crescent,45.0,25.0,11.0,30.0,0.0,100.0
Crimson Dynamo,85.0,25.0,25.0,35.0,45.0,60.0
Crossbones,57.5,8.0,15.5,11.0,10.0,80.0
Crossfire,70.0,8.0,17.0,15.0,15.0,80.0
Crule,65.0,25.0,1.0,35.0,75.0,85.0
Crusader,50.0,50.0,8.0,35.0,80.0,30.0
Crystal,60.0,25.0,25.0,30.0,50.0,60.0
Cull Obsidian,60.0,30.0,17.0,40.0,50.0,70.0
Cyclops,67.5,35.0,34.75,40.0,67.5,67.5
Cylobel,60.0,1.0,1.0,15.0,55.0,40.0
Cypher,90.0,1.0,6.0,5.0,35.0,50.0
Cyttorak,95.0,100.0,100.0,100.0,100.0,80.0
D'Spayre,75.0,100.0,100.0,100.0,100.0,75.0
Dagger,60.0,1.0,5.0,10.0,60.0,45.0
Daken,70.0,11.0,25.0,30.0,50.0,80.0
Damage Control,40.0,1.0,1.0,1.0,0.0,0.0
Danielle Moonstar,55.0,1.0,6.0,10.0,55.0,15.0
Darcy Lewis,60.0,1.0,6.0,5.0,0.0,15.0
Daredevil,80.0,26.5,34.25,31.0,41.75,93.75
Dark Angel,60.0,25.0,100.0,90.0,95.0,25.0
Dark Phoenix,78.0,91.0,77.2,84.0,94.0,69.0
Darkhawk,60.0,75.0,75.0,30.0,50.0,70.0
Darwin,65.0,1.0,7.0,7.0,60.0,30.0
David Richards,85.0,50.0,75.0,50.0,100.0,80.0
Dazzler,75.0,1.0,20.0,20.0,75.0,60.0
Dead Girl,50.0,25.0,7.0,100.0,80.0,40.0
Deadpool,68.75,42.25,35.5,51.25,57.5,93.75
Death,75.0,31.75,35.25,50.0,77.5,68.75
Death Dealer,60.0,1.0,6.0,15.0,20.0,95.0
Death Of Death,100.0,100.0,100.0,100.0,100.0,50.0
Death Seed Iceman,70.0,75.0,50.0,80.0,100.0,60.0
Death Seed Sentry,85.0,100.0,100.0,100.0,100.0,90.0
Deathlok,75.0,11.0,8.0,30.0,60.0,50.0
Delphi,0.0,0.0,0.0,0.0,0.0,0.0
Delphyne Gorgon,60.0,1.0,6.0,10.0,30.0,100.0
Demagoblin,50.0,25.0,25.0,55.0,80.0,40.0
Demiurge,80.0,100.0,100.0,100.0,100.0,100.0
Demogorge,100.0,100.0,100.0,100.0,100.0,100.0
Demolition-Man,50.0,50.0,25.0,50.0,45.0,80.0
Desak,95.0,100.0,100.0,100.0,100.0,100.0
Destroyer,68.33,78.33,73.33,78.33,86.67,90.0
Destroyer Thor,85.0,100.0,100.0,100.0,100.0,100.0
Deuteronomy,65.0,75.0,90.0,55.0,80.0,40.0
Devil Dinosaur,55.0,30.0,25.0,35.0,40.0,50.0
Devil Hulk,80.0,100.0,100.0,100.0,100.0,80.0
Diamondback,60.0,5.0,11.0,10.0,10.0,60.0
Dictator Doom,75.0,9.0,1.0,30.0,60.0,40.0
Doc Samson,80.0,100.0,75.0,95.0,75.0,90.0
Doc Sasquatch,80.0,100.0,75.0,100.0,80.0,85.0
Doctor Doom,92.5,85.71,79.79,76.43,83.57,83.93
Doctor Octopus,81.25,28.75,21.25,20.0,30.0,43.75
Doctor Spectrum,80.0,30.0,60.0,50.0,65.0,65.0
Doctor Strange,88.18,83.18,80.0,81.82,93.64,79.55
Doctor Strange Supreme,80.0,100.0,55.0,95.0,100.0,70.0
Dog Logan,60.0,5.0,10.0,15.0,20.0,70.0
Domino,60.0,1.0,10.0,9.5,37.5,55.0
Doombot,85.0,25.0,25.0,20.0,30.0,90.0
Doop,80.0,75.0,50.0,100.0,100.0,25.0
Dormammu,96.25,100.0,93.75,100.0,100.0,80.0
Dracula,85.0,30.0,50.0,30.0,70.0,90.0
Dragon Man,35.0,100.0,30.0,50.0,60.0,30.0
Drax The Destroyer,42.5,65.0,58.5,62.5,67.5,75.0
Drax the Destroyer,45.0,95.0,80.0,85.0,70.0,85.0
Druig,72.5,52.5,43.5,45.0,82.5,77.5
Ducktor Strange,65.0,25.0,75.0,50.0,85.0,60.0
Dweller In Darkness,80.0,100.0,100.0,100.0,100.0,50.0
Dweller-in-Darkness,65.0,80.0,25.0,35.0,80.0,60.0
Ebony Maw,87.5,52.5,22.5,22.5,50.0,55.0
Edgar The Bug,50.0,25.0,6.0,20.0,40.0,30.0
Ego,92.5,100.0,87.5,75.0,90.0,50.0
Ego the Necroworld,100.0,100.0,100.0,100.0,100.0,65.0
Ego-Prime,95.0,100.0,75.0,90.0,75.0,100.0
Electro,56.0,15.4,30.2,15.6,44.0,32.0
Elektra,68.33,3.33,12.67,10.0,20.0,91.67
Elixir,60.0,1.0,1.0,15.0,70.0,1.0
Ellisiv,70.0,100.0,90.0,70.0,80.0,80.0
Emma Frost,67.5,15.0,6.0,35.0,62.5,50.0
Enchantress,80.0,35.0,45.0,55.0,78.33,48.33
Enigma Force,100.0,100.0,100.0,100.0,100.0,100.0
Entropy,100.0,100.0,100.0,100.0,100.0,100.0
Eon,100.0,100.0,100.0,90.0,100.0,50.0
Epoch,100.0,100.0,90.0,80.0,95.0,40.0
Equinox,55.0,30.0,25.0,35.0,50.0,40.0
Erik Killmonger,75.0,25.0,25.0,20.0,30.0,100.0
Esme Cuckoo,55.0,25.0,6.0,70.0,70.0,15.0
Eson The Searcher,95.0,100.0,25.0,75.0,90.0,85.0
Eson the Searcher,100.0,100.0,100.0,95.0,100.0,60.0
Eternity,100.0,100.0,100.0,100.0,100.0,81.67
Euphoria,85.0,100.0,75.0,50.0,70.0,30.0
Evolutionary,65.0,6.0,20.0,40.0,90.0,40.0
Ex Nihila,90.0,25.0,17.0,35.0,50.0,40.0
Ex Nihili,85.0,25.0,17.0,20.0,45.0,50.0
Executioner,60.0,95.0,75.0,70.0,75.0,85.0
Exitar The Executioner,100.0,100.0,100.0,100.0,100.0,65.0
Exodus,70.0,55.0,30.0,65.0,100.0,80.0
Exterminator,75.0,100.0,75.0,85.0,80.0,70.0
F.R.I.D.A.Y,100.0,0.0,100.0,55.0,20.0,0.0
Falcon,60.0,19.0,27.5,22.0,20.0,70.0
Fallen One,77.5,100.0,100.0,95.0,97.5,80.0
Famine,85.0,25.0,7.0,55.0,70.0,50.0
Fandral,65.0,30.0,25.0,50.0,40.0,95.0
Fantomex,75.0,8.0,25.0,15.0,25.0,90.0
Fat Thor,70.0,100.0,25.0,50.0,70.0,85.0
Fenris,55.0,75.0,62.5,65.0,75.0,40.0
Fin Fang Foom,75.0,100.0,55.0,85.0,85.0,75.0
Firebird,60.0,25.0,75.0,100.0,45.0,55.0
Firefist,50.0,1.0,1.0,10.0,50.0,30.0
Firelord,60.0,85.0,100.0,100.0,100.0,75.0
Firepower,65.0,50.0,30.0,30.0,40.0,75.0
Firestar,68.33,10.33,26.67,21.33,66.67,46.67
Flag-Smasher,60.0,16.5,22.5,15.0,25.0,70.0
Flux,50.0,100.0,75.0,100.0,100.0,70.0
Franken-Castle,65.0,30.0,11.0,30.0,50.0,95.0
Franklin Richards,81.67,100.0,100.0,100.0,100.0,61.67
Frigga,90.0,25.0,20.0,13.0,35.0,95.0
Frösti,65.0,25.0,14.0,20.0,50.0,50.0
Fuego,55.0,1.0,1.0,30.0,60.0,30.0
Gabriel,100.0,100.0,100.0,100.0,100.0,100.0
Gabriel Shepherd,95.0,100.0,100.0,100.0,100.0,70.0
Gaea,100.0,100.0,100.0,100.0,100.0,50.0
Galacta,100.0,100.0,100.0,100.0,100.0,50.0
Galactus,98.33,100.0,98.33,96.67,97.0,76.0
Galaxy Master,50.0,100.0,100.0,100.0,100.0,30.0
Gallowglass,55.0,100.0,1.0,70.0,75.0,40.0
Gambit,65.0,5.0,25.0,15.0,60.0,75.0
Gamiel The Manipulator,100.0,100.0,100.0,100.0,100.0,70.0
Gamora,65.0,20.0,47.0,42.5,52.5,90.0
Gardener,90.0,25.0,17.0,20.0,70.0,50.0
Gauntlet,70.0,50.0,20.0,15.0,20.0,70.0
Genesis,55.0,5.0,7.0,50.0,90.0,85.0
Ghost,75.0,7.5,16.5,17.5,37.5,62.5
Ghost Rider,70.62,83.12,71.88,78.75,88.75,73.75
Ghost Rider II,70.0,35.0,20.0,50.0,65.0,75.0
Ghost Rider V,60.0,60.0,50.0,90.0,100.0,85.0
Ghost-Spider,60.0,25.0,25.0,30.0,50.0,40.0
Giant-Man,70.0,70.0,47.5,40.0,65.0,35.0
Gideon,65.0,1.0,1.0,15.0,65.0,80.0
Gilgamesh,62.5,75.0,45.0,49.0,85.0,75.0
Gladiator,62.5,100.0,100.0,100.0,82.5,65.0
Gladiator Silver Surfer,90.0,100.0,75.0,100.0,85.0,85.0
Glorian,80.0,100.0,100.0,85.0,90.0,80.0
Glory,95.0,100.0,100.0,100.0,100.0,80.0
Goblin By Night,75.0,25.0,25.0,20.0,35.0,70.0
Goblin Force,100.0,100.0,100.0,100.0,100.0,30.0
Goblin King,100.0,100.0,100.0,100.0,100.0,100.0
Goblin Queen,65.0,25.0,25.0,25.0,70.0,50.0
God,100.0,100.0,100.0,100.0,100.0,100.0
God Emperor Doom,100.0,100.0,100.0,100.0,100.0,100.0
God Tempest,85.0,100.0,100.0,100.0,100.0,50.0
Godhead,100.0,100.0,100.0,90.0,100.0,75.0
Godmind,100.0,100.0,100.0,100.0,100.0,100.0
Godstalker,95.0,100.0,95.0,85.0,95.0,60.0
Godzilla,50.0,100.0,25.0,85.0,80.0,70.0
Gog,65.0,100.0,100.0,85.0,70.0,50.0
Golden Thor,60.0,100.0,100.0,55.0,80.0,80.0
Gone Gal,50.0,1.0,100.0,10.0,50.0,20.0
Gorgon,85.0,25.0,25.0,35.0,75.0,90.0
Gorr The God Butcher,80.0,100.0,100.0,100.0,100.0,100.0
Grandmaster,95.0,75.0,25.0,100.0,100.0,60.0
Graviton,75.0,100.0,60.0,50.0,70.0,50.0
Gravity,55.0,50.0,50.0,30.0,30.0,35.0
Green Goblin,80.0,25.0,22.5,25.0,30.0,57.5
Green Goblin II,80.0,25.0,25.0,20.0,30.0,60.0
Green Goblin III,80.0,10.0,17.0,15.0,20.0,60.0
Grendel,60.0,95.0,30.0,40.0,70.0,55.0
Griever At The End Of All Things,100.0,100.0,100.0,100.0,100.0,95.0
Groot,55.0,50.0,18.0,45.0,55.0,60.0
Gwen Stacy,75.0,1.0,1.0,1.0,1.0,10.0
Gwenpool,50.0,25.0,25.0,20.0,80.0,75.0
HYDRA Stomper,60.0,50.0,25.0,30.0,40.0,50.0
Hammer Supreme,100.0,100.0,100.0,100.0,100.0,100.0
Happy Hogan,60.0,1.0,1.0,5.0,5.0,35.0
Harold Jaekelsson,55.0,50.0,25.0,45.0,60.0,95.0
Harpy,70.0,100.0,75.0,85.0,100.0,60.0
Harrier,1.0,1.0,1.0,5.0,1.0,1.0
Harry Osborn,70.0,25.0,20.0,15.0,25.0,60.0
Hauptmann Deutschland,70.0,25.0,25.0,40.0,60.0,80.0
Havok,62.5,3.0,15.5,12.5,52.5,55.0
Hawk-God,100.0,100.0,100.0,100.0,100.0,100.0
Hawkeye,64.0,2.6,10.6,10.4,17.6,82.0
Heimdall,75.0,37.5,30.0,55.0,55.0,82.5
Hela,85.0,100.0,76.25,72.5,93.75,87.5
Hellcow,12.0,19.0,25.0,8.0,10.0,1.0
Hellstorm,95.0,100.0,100.0,100.0,100.0,90.0
Hellverine,65.0,20.0,25.0,30.0,40.0,90.0
Hera Argeia,80.0,25.0,30.0,90.0,50.0,60.0
Hercules,65.0,100.0,80.0,100.0,100.0,100.0
High Evolutionary,100.0,100.0,100.0,100.0,100.0,90.0
Higher Evolutionary,70.0,30.0,6.0,50.0,70.0,25.0
Hildegarde,60.0,50.0,75.0,80.0,80.0,85.0
Hiro-Kala,65.0,100.0,100.0,100.0,100.0,80.0
Hive,0.0,0.0,0.0,0.0,0.0,0.0
Hobgoblin,80.0,25.0,25.0,20.0,30.0,60.0
Hogun,65.0,30.0,25.0,40.0,50.0,80.0
Holocaust,52.5,25.0,25.0,42.5,60.0,57.5
Hope Summers,60.0,10.0,25.0,20.0,40.0,60.0
Hoss The Demon,70.0,25.0,17.0,20.0,40.0,70.0
Howard The Duck,65.0,1.0,25.0,10.0,20.0,30.0
Hulk,65.83,91.39,62.83,78.89,85.56,68.06
Hulkbuster III,85.0,50.0,20.0,40.0,20.0,20.0
Hulkling,75.0,30.0,25.0,15.0,80.0,60.0
Human Robot,90.0,75.0,50.0,40.0,60.0,80.0
Human Torch,65.0,8.0,35.0,36.67,56.67,48.33
Hunger,100.0,100.0,100.0,100.0,100.0,50.0
Hurt John,50.0,1.0,6.0,10.0,30.0,40.0
Husk,55.0,30.0,25.0,50.0,70.0,60.0
Hybrid,50.0,30.0,25.0,50.0,60.0,70.0
Hydro-Man,60.0,30.0,25.0,30.0,35.0,50.0
Hyperion,83.75,100.0,91.25,88.75,87.5,81.25
Hyperstorm,85.0,100.0,100.0,100.0,100.0,50.0
Iceman,58.33,24.33,31.33,50.0,71.67,56.67
Idunn,75.0,75.0,50.0,65.0,80.0,65.0
Ikaris,66.67,60.33,69.0,49.67,61.67,80.0
Immortal Hulk,87.5,100.0,100.0,100.0,100.0,82.5
Impossible Man,50.0,100.0,100.0,100.0,100.0,30.0
In-Betweener,100.0,100.0,100.0,100.0,100.0,70.0
Infamous Iron Man,100.0,100.0,100.0,100.0,100.0,100.0
Infinites,100.0,100.0,100.0,100.0,100.0,100.0
Infinity,100.0,100.0,100.0,100.0,100.0,100.0
Infinity Ultron,100.0,100.0,100.0,100.0,100.0,80.0
Invisible Boy,70.0,100.0,100.0,100.0,100.0,50.0
Invisible Woman,77.5,25.5,19.5,50.0,67.5,47.5
Iron All Father,100.0,100.0,100.0,100.0,100.0,100.0
Iron Cross,55.0,75.0,50.0,40.0,60.0,50.0
Iron Fist,71.0,33.0,26.2,25.0,55.0,100.0
Iron Giant Man,75.0,100.0,25.0,50.0,75.0,65.0
Iron God,95.0,100.0,100.0,100.0,100.0,80.0
Iron Herald,95.0,80.0,80.0,85.0,90.0,70.0
Iron Man,88.08,78.85,65.58,71.27,80.58,71.54
Iron Man 2099,60.0,30.0,25.0,45.0,70.0,40.0
Iron Monger,71.67,41.67,26.67,40.0,41.67,25.0
Iron Patriot,80.0,55.0,50.0,40.0,30.0,60.0
Iron Skull,85.0,75.0,55.0,75.0,45.0,85.0
Iron Spider,82.5,40.0,27.5,25.0,45.0,70.0
Ironclad,70.0,95.0,50.0,80.0,60.0,50.0
Ironheart,75.0,30.0,25.0,30.0,50.0,50.0
J. Jonah Jameson,55.0,6.0,6.0,5.0,0.0,6.0
Jack Flag,60.0,25.0,25.0,20.0,30.0,95.0
Jackal,85.0,35.0,25.0,20.0,25.0,75.0
Jailbait,0.0,0.0,0.0,0.0,100.0,0.0
Jane Foster,65.0,1.0,5.0,5.0,5.0,20.0
Jason Quantrell,100.0,100.0,100.0,100.0,100.0,100.0
Jean Grey,65.0,53.33,44.0,43.33,70.0,49.67
Jemiah The Analyzer,100.0,100.0,100.0,100.0,100.0,90.0
Jennifer Walters,70.0,100.0,75.0,100.0,85.0,60.0
Jessica Jones,62.5,25.0,19.0,17.5,30.0,57.5
Jigsaw,60.0,8.0,20.0,15.0,15.0,75.0
Jimmy Woo,55.0,3.0,6.0,7.5,7.5,55.0
John Wraith,62.5,1.0,6.0,10.0,37.5,60.0
Jubilee,60.0,5.0,25.0,20.0,50.0,60.0
Judicator,95.0,30.0,90.0,40.0,75.0,50.0
Juggernaut,60.0,85.0,77.0,85.0,91.0,66.0
K'ythri,90.0,100.0,100.0,90.0,100.0,70.0
Kaecilius,75.0,87.5,62.5,67.5,90.0,65.0
Kang,90.0,50.5,53.5,55.0,80.0,80.0
Kang The Conquer,85.0,10.0,11.0,10.0,25.0,60.0
Karnak,75.0,25.0,25.0,20.0,25.0,100.0
Kate BIshop,65.0,1.0,6.0,7.0,16.0,80.0
Kate Bishop,60.0,1.0,6.0,9.0,10.0,75.0
Kazann,95.0,35.0,80.0,55.0,85.0,100.0
Kelpie,55.0,1.0,7.0,20.0,60.0,40.0
Khonshu,80.0,80.0,80.0,50.0,80.0,80.0
Kid Apocalypse,70.0,95.0,52.5,57.5,97.5,45.0
Kid Cable,70.0,25.0,14.0,25.0,65.0,60.0
Kid Loki,70.0,5.0,6.0,20.0,30.0,60.0
Killian,82.5,7.0,22.5,20.0,35.0,50.0
Killmonger,70.0,15.0,17.0,15.0,20.0,95.0
Kindred,62.5,30.0,100.0,70.0,80.0,65.0
King Hyperion,70.0,100.0,100.0,100.0,100.0,75.0
King Killmonger,75.0,100.0,25.0,100.0,90.0,60.0
King Loki,95.0,100.0,100.0,100.0,100.0,95.0
King Thanos,100.0,100.0,100.0,100.0,100.0,100.0
King Thor,100.0,100.0,100.0,100.0,100.0,100.0
King in Black,85.0,100.0,100.0,100.0,100.0,80.0
Kingo,55.0,25.0,6.0,15.0,40.0,55.0
Kingpin,66.25,22.0,14.0,17.5,12.5,65.0
Klaw,65.0,50.0,25.0,25.0,70.0,50.0
Kluh,80.0,100.0,100.0,100.0,100.0,75.0
Knull,100.0,100.0,100.0,100.0,100.0,100.0
Kobik,60.0,100.0,100.0,100.0,100.0,40.0
Korg,57.5,62.5,16.5,32.5,37.5,62.5
Korvac,100.0,100.0,100.0,100.0,100.0,55.0
Kraven the Hunter,65.0,25.0,20.0,20.0,20.0,80.0
Krimson Kurse,70.0,100.0,100.0,75.0,70.0,90.0
Kro,60.0,30.0,20.0,15.0,90.0,80.0
Kronos,100.0,100.0,100.0,100.0,100.0,80.0
Kubik,100.0,100.0,100.0,100.0,100.0,100.0
Kulan Gath,75.0,100.0,100.0,100.0,100.0,50.0
Kurse,47.5,100.0,75.0,65.0,70.0,65.0
Kuurth,45.0,100.0,45.0,75.0,80.0,30.0
Lady Bullseye,70.0,5.0,25.0,10.0,15.0,85.0
Lady Deadpool,60.0,25.0,25.0,65.0,65.0,95.0
Lady Loki,82.5,57.5,62.5,57.5,75.0,75.0
Lady Lotus,55.0,1.0,1.0,5.0,60.0,25.0
Lady Mastermind,50.0,5.0,7.0,5.0,50.0,80.0
Lasher,50.0,25.0,25.0,50.0,60.0,70.0
Laufey,60.0,65.0,62.5,65.0,75.0,75.0
Layla El-Faouly,65.0,9.0,8.0,15.0,10.0,75.0
Layla Miller,70.0,1.0,6.0,10.0,40.0,45.0
Leader,100.0,25.0,25.0,100.0,70.0,70.0
Legion,93.33,76.67,83.33,86.67,100.0,83.33
Lei-Kung,80.0,45.0,25.0,25.0,50.0,100.0
Leviathan,45.0,35.0,25.0,30.0,45.0,30.0
Liho,35.0,1.0,7.0,1.0,1.0,9.0
Lila Cheney,60.0,1.0,6.0,5.0,30.0,20.0
Lilith Drake,60.0,25.0,25.0,20.0,35.0,50.0
Lincoln Campbell,45.0,1.0,1.0,10.0,85.0,75.0
Lindsay McCabe,55.0,1.0,6.0,10.0,5.0,40.0
Lionheart,70.0,55.0,35.0,50.0,40.0,70.0
Living Buddha,100.0,100.0,100.0,100.0,100.0,30.0
Living Laser,45.0,1.0,25.0,50.0,70.0,50.0
Living Monolith,60.0,35.0,17.0,30.0,50.0,40.0
Living Tribunal,100.0,100.0,100.0,100.0,100.0,100.0
Living Tribunal II,100.0,100.0,100.0,100.0,100.0,100.0
Lizard,80.0,25.0,25.0,25.0,40.0,30.0
Lockjaw,50.0,75.0,75.0,80.0,80.0,40.0
Logan,65.0,50.0,25.0,100.0,70.0,100.0
Logos,100.0,100.0,100.0,100.0,100.0,100.0
Loki,88.12,71.88,71.25,71.88,87.5,82.5
Lord Chaos,100.0,100.0,100.0,100.0,100.0,100.0
Lord Nebulos,100.0,100.0,100.0,100.0,100.0,100.0
Lord Shingen,60.0,13.0,6.0,7.0,5.0,100.0
Lord T,75.0,55.0,20.0,30.0,50.0,85.0
Lord Thor,90.0,100.0,100.0,100.0,100.0,100.0
Lords Of Shamballa,100.0,100.0,100.0,100.0,100.0,100.0
Lourdes Chantel,55.0,5.0,5.0,5.0,50.0,70.0
Lucifer,100.0,100.0,100.0,100.0,100.0,100.0
Luis,45.0,1.0,1.0,10.0,10.0,30.0
Luke Cage,65.0,30.0,18.0,32.5,27.5,65.0
Luminous,80.0,50.0,80.0,75.0,100.0,80.0
Luna Snow,60.0,1.0,8.0,10.0,35.0,40.0
M,85.0,25.0,30.0,40.0,85.0,60.0
M.J.,57.5,13.0,10.5,10.5,15.0,29.5
MODOK,95.0,14.0,55.0,60.0,55.0,9.0
Macabre,50.0,5.0,5.0,20.0,70.0,25.0
Mach Two,60.0,1.0,7.0,25.0,65.0,50.0
Mad Jim Jaspers,90.0,100.0,100.0,100.0,100.0,50.0
Madame Hel,85.0,100.0,100.0,100.0,100.0,70.0
Madame Hydra,65.0,1.0,11.0,10.0,15.0,80.0
Madame Masque,65.0,5.0,25.0,15.0,20.0,75.0
Madame Web,55.0,25.0,25.0,50.0,60.0,60.0
Madcap,60.0,5.0,8.0,10.0,20.0,60.0
Madman,65.0,75.0,25.0,50.0,60.0,60.0
Maelstrom,80.0,25.0,17.0,20.0,50.0,50.0
Maestro,95.0,100.0,100.0,100.0,100.0,85.0
Magik,60.0,50.0,62.5,60.0,90.0,65.0
Magneto,80.0,82.5,47.5,65.0,85.0,60.0
Magni,70.0,100.0,90.0,95.0,100.0,70.0
Magnus,75.0,1.0,25.0,25.0,85.0,40.0
Magus,92.5,100.0,100.0,100.0,92.5,90.0
Majestrix Lilandra,55.0,25.0,15.0,20.0,25.0,75.0
Majestrix Xandra,70.0,0.0,0.0,0.0,0.0,0.0
Major X,55.0,25.0,6.0,40.0,70.0,85.0
Makkari,65.0,40.0,87.5,60.0,82.5,75.0
Malekith,68.75,71.25,67.5,57.5,82.5,80.0
Man-Thing,70.0,100.0,100.0,100.0,100.0,77.5
Mandarin,67.5,34.0,25.25,31.5,44.0,61.25
Mangog,60.0,100.0,100.0,100.0,100.0,80.0
Mania,55.0,30.0,25.0,55.0,75.0,80.0
Maniac,60.0,25.0,25.0,20.0,40.0,70.0
Mantis,57.5,1.0,6.0,22.5,55.0,62.5
Maria Hill,70.0,1.0,9.0,6.0,7.5,77.5
Mariko Yashida,55.0,5.0,6.0,5.0,0.0,80.0
Marquis Of Death,100.0,100.0,100.0,100.0,100.0,100.0
Masked Raider,100.0,75.0,20.0,75.0,100.0,100.0
Master Izo,72.5,1.0,4.0,10.0,12.5,92.5
Master Man,42.5,27.5,27.5,30.0,40.0,65.0
Master Order,100.0,100.0,100.0,100.0,100.0,100.0
Mastermind,67.5,3.0,6.5,6.5,40.0,45.0
Matthew Malloy,70.0,25.0,100.0,50.0,100.0,50.0
Maverick,70.0,8.0,25.0,15.0,20.0,90.0
Meatgardener Venom,100.0,100.0,100.0,100.0,100.0,100.0
Medusa,75.0,45.0,30.0,30.0,40.0,85.0
Mega Elemental,40.0,100.0,25.0,45.0,70.0,60.0
Mephichthon,95.0,1.0,11.0,100.0,90.0,9.0
Mephisto,100.0,100.0,100.0,100.0,100.0,77.5
Merged Hulk,85.0,100.0,85.0,90.0,100.0,80.0
Metatron,100.0,100.0,100.0,100.0,100.0,100.0
Michael,100.0,100.0,100.0,100.0,100.0,100.0
Michelle Jones,65.0,1.0,1.0,5.0,0.0,0.0
Midgard Serpent,65.0,100.0,100.0,100.0,100.0,55.0
Mindee Cuckoo,55.0,25.0,6.0,70.0,70.0,15.0
Minotaur,70.0,100.0,50.0,50.0,45.0,60.0
Mirror Girl,50.0,1.0,6.0,10.0,20.0,40.0
Misstro,75.0,100.0,100.0,100.0,100.0,90.0
Mister E,60.0,25.0,25.0,25.0,50.0,65.0
Mister Fantastic,95.0,57.17,57.0,66.67,79.17,72.5
Mister Knife,70.0,8.0,17.0,15.0,15.0,75.0
Mister M,90.0,1.0,5.0,10.0,100.0,10.0
Mister Sensitive,50.0,1.0,6.0,10.0,40.0,80.0
Mister Sinister,80.0,10.67,10.33,20.0,58.33,28.0
Mistress Love,100.0,100.0,100.0,100.0,100.0,100.0
Mjolnir,80.0,100.0,100.0,100.0,100.0,100.0
Mockingbird,70.0,25.0,25.0,15.0,30.0,75.0
Mokk: Breaker Of Faith,75.0,75.0,50.0,80.0,85.0,60.0
Molecule Man,100.0,100.0,100.0,100.0,100.0,68.33
Monarch,60.0,5.0,8.0,40.0,60.0,50.0
Monica,85.0,30.0,25.0,40.0,100.0,30.0
Monica Rambeau,80.0,50.0,100.0,100.0,100.0,70.0
Monolith Gatherer,100.0,100.0,100.0,100.0,90.0,70.0
Moon Knight,68.33,50.0,50.0,45.0,58.33,88.33
Moonstar,65.0,8.0,20.0,15.0,25.0,75.0
Moonstone,75.0,30.0,50.0,50.0,70.0,40.0
Morbius,85.0,33.33,33.33,20.0,50.0,50.0
Morg,65.0,100.0,100.0,100.0,100.0,70.0
Morgan Le Fay,77.5,15.0,58.5,65.0,70.0,55.0
Morlun,55.0,75.0,50.0,40.0,60.0,80.0
Morrigan,70.0,75.0,90.0,40.0,70.0,70.0
Mosaic,80.0,25.0,25.0,17.0,25.0,85.0
Mother Night,60.0,5.0,15.0,15.0,30.0,60.0
Mother Rapture,0.0,0.0,0.0,0.0,0.0,0.0
Mother Righteous,0.0,0.0,0.0,0.0,0.0,0.0
Mr Immortal,55.0,5.0,25.0,15.0,25.0,70.0
Mr. Fixit,70.0,100.0,75.0,80.0,85.0,60.0
Mr. Knight,75.0,25.0,25.0,20.0,40.0,95.0
Ms. America,57.5,57.5,53.0,40.0,70.0,55.0
Ms. Fantastic,80.0,6.0,25.0,85.0,85.0,60.0
Ms. Marvel,58.0,48.0,39.4,34.4,62.0,48.0
Multi-Death,100.0,100.0,100.0,100.0,100.0,100.0
Multi-Eternity,100.0,100.0,100.0,100.0,100.0,80.0
Multi-Infinity,100.0,100.0,100.0,100.0,100.0,100.0
Multi-Lord Chaos,100.0,100.0,100.0,100.0,100.0,55.0
Multi-Master Order,100.0,100.0,100.0,100.0,100.0,50.0
Multi-Oblivion,100.0,100.0,100.0,100.0,100.0,100.0
Multiple Man,60.0,5.0,13.0,15.0,35.0,75.0
Multitude,60.0,1.0,6.0,15.0,100.0,10.0
Mysterio,77.5,5.5,25.0,19.0,30.0,67.5
Mystique,65.0,7.5,13.0,12.5,55.0,75.0
Namor,68.33,98.33,58.33,81.67,80.0,73.33
Namora,62.5,35.0,35.0,50.0,60.0,70.0
Nebula,76.67,46.0,47.33,48.33,53.33,86.67
Necro King Thor,95.0,100.0,100.0,100.0,100.0,100.0
Necro Thor,85.0,100.0,100.0,100.0,100.0,95.0
Ned Leeds,55.0,1.0,1.0,5.0,5.0,15.0
Negasonic Teenage Warhead,55.0,1.0,6.0,10.0,45.0,60.0
Nemesis,100.0,100.0,100.0,100.0,100.0,100.0
Nerd Hulk,55.0,100.0,75.0,100.0,85.0,50.0
Nezzar,100.0,100.0,100.0,100.0,100.0,90.0
Nick Fury,80.0,3.5,25.5,10.5,7.5,65.0
Nico Minoru,60.0,5.0,11.0,20.0,30.0,50.0
Nicodemus,65.0,1.0,1.0,25.0,70.0,40.0
Night Nurse,61.67,1.0,6.0,10.0,5.0,30.0
Nightcrawler,55.0,19.0,18.0,15.0,57.5,50.0
Nightmare,100.0,100.0,100.0,100.0,100.0,80.0
Nimrod The Hunter,70.0,100.0,100.0,100.0,80.0,80.0
Nomad,65.0,25.0,19.0,15.0,20.0,90.0
Northstar,65.0,10.0,70.0,30.0,50.0,70.0
Nova,77.0,85.0,100.0,89.0,89.0,74.0
Nova Prime,75.0,100.0,100.0,85.0,85.0,70.0
Now,100.0,100.0,100.0,100.0,100.0,100.0
Nuke,60.0,15.0,17.0,20.0,30.0,90.0
Nul,75.0,100.0,100.0,100.0,100.0,80.0
Null The Living Darkness,100.0,100.0,100.0,100.0,100.0,100.0
Nyx,100.0,100.0,100.0,100.0,100.0,95.0
Obliterator,90.0,30.0,100.0,30.0,60.0,70.0
Obliteron,100.0,100.0,100.0,100.0,100.0,100.0
Oblivion,100.0,100.0,100.0,100.0,100.0,100.0
Odessa Drake,65.0,25.0,8.0,10.0,20.0,80.0
Odin,99.5,92.5,92.5,95.0,98.0,96.5
Okoye,65.0,6.0,7.0,5.0,5.0,80.0
Old King Phoenix Thor,100.0,100.0,100.0,100.0,100.0,100.0
Old King Thor,95.0,100.0,100.0,100.0,100.0,100.0
Old Man Logan,70.0,25.0,25.0,60.0,45.0,100.0
Old Man Phoenix,70.0,100.0,100.0,100.0,100.0,85.0
Old Man Punisher,65.0,50.0,30.0,45.0,70.0,90.0
Oldfather,100.0,100.0,100.0,100.0,100.0,100.0
Olivier,65.0,30.0,50.0,35.0,70.0,70.0
Olivier Raven,65.0,1.0,8.0,10.0,60.0,55.0
Omega Of The Thanosi,100.0,100.0,100.0,100.0,100.0,90.0
Omega Red,60.0,25.0,25.0,20.0,25.0,70.0
Omnibus,100.0,0.0,0.0,0.0,100.0,0.0
One Above All,100.0,100.0,100.0,100.0,100.0,100.0
Oneg,100.0,100.0,100.0,100.0,100.0,70.0
Onslaught,95.0,100.0,100.0,100.0,100.0,80.0
Orordius,65.0,1.0,20.0,30.0,75.0,50.0
Oshtur,90.0,100.0,100.0,95.0,100.0,65.0
Other,95.0,75.0,75.0,55.0,80.0,50.0
Outrider,45.0,20.0,8.0,10.0,10.0,45.0
Ove,75.0,75.0,50.0,85.0,90.0,80.0
Overtime,45.0,1.0,100.0,5.0,75.0,10.0
Ozymandias,80.0,1.0,8.0,25.0,60.0,65.0
Patriot,45.0,1.0,20.0,14.0,55.0,60.0
Pawny,55.0,1.0,8.0,5.0,15.0,50.0
Pepper Potts,65.0,25.0,6.0,20.0,35.0,35.0
Perfect Storm,65.0,10.0,25.0,15.0,70.0,65.0
Perro,65.0,25.0,1.0,20.0,60.0,30.0
Pestilence,65.0,5.0,25.0,35.0,60.0,40.0
Petra,55.0,1.0,6.0,15.0,50.0,20.0
Phage,50.0,25.0,25.0,50.0,60.0,70.0
Phastos,75.0,30.0,11.0,25.0,60.0,65.0
Phatty,50.0,25.0,6.0,10.0,25.0,25.0
Phineas Horton,80.0,1.0,1.0,5.0,0.0,0.0
Phoebe Cuckoo,55.0,25.0,6.0,70.0,70.0,15.0
Phoenix,84.5,100.0,100.0,100.0,99.0,76.0
Phoenix Force,100.0,100.0,100.0,100.0,100.0,100.0
Photon,100.0,100.0,100.0,100.0,100.0,100.0
Pixie,65.0,10.0,50.0,20.0,35.0,50.0
Pizza Dog,40.0,1.0,9.0,5.0,5.0,10.0
Plague,60.0,30.0,25.0,25.0,45.0,65.0
Pluto,80.0,100.0,100.0,100.0,100.0,70.0
Pod,75.0,75.0,40.0,40.0,60.0,70.0
Pod-2,70.0,95.0,80.0,95.0,80.0,65.0
Pogg Ur-Pogg,30.0,25.0,7.0,16.0,50.0,60.0
Poison,0.0,0.0,0.0,0.0,0.0,0.0
Polaris,70.0,95.0,25.0,20.0,80.0,40.0
Possessor,95.0,30.0,30.0,20.0,60.0,70.0
Prelate Rasputin,60.0,30.0,6.0,40.0,75.0,25.0
Prince Of Power,40.0,100.0,11.0,75.0,100.0,15.0
Prodigal,85.0,100.0,100.0,90.0,95.0,80.0
Professor Hulk,87.5,95.0,37.5,65.0,77.5,75.0
Professor X,80.0,1.0,1.0,3.67,75.0,8.67
Protector,90.0,90.0,100.0,85.0,70.0,85.0
Protege,100.0,100.0,100.0,100.0,100.0,100.0
Proteus,70.0,5.0,25.0,100.0,100.0,25.0
Prowler,60.0,5.0,19.0,10.0,20.0,70.0
Proxima Midnight,68.33,41.67,40.33,35.0,46.67,95.0
Psylocke,62.5,15.0,18.0,20.0,57.5,85.0
Punisher,62.5,8.0,14.5,12.5,16.0,77.5
Puppet Master,65.0,1.0,1.0,5.0,15.0,20.0
Purple Man,60.0,1.0,5.0,10.0,30.0,35.0
Pyro,55.0,5.0,25.0,20.0,50.0,40.0
Quake,70.0,25.0,25.0,30.0,70.0,90.0
Quantum,50.0,1.0,100.0,7.0,75.0,25.0
Quasar,75.0,97.5,100.0,87.5,82.5,85.0
Quicksilver,67.0,40.0,73.0,35.4,63.0,53.0
Quoggoth,100.0,100.0,100.0,100.0,100.0,65.0
Radioactive Man,80.0,65.0,55.0,70.0,45.0,45.0
Rage,50.0,45.0,25.0,20.0,25.0,50.0
Rawhide Kid,55.0,1.0,6.0,8.0,0.0,80.0
Raze,62.5,25.0,17.0,42.5,62.5,55.0
Razor Fist,60.0,5.0,7.0,10.0,15.0,70.0
Rebecca Marchand,80.0,1.0,6.0,10.0,5.0,25.0
Red Death,75.0,25.0,12.0,70.0,80.0,50.0
Red Goblin,90.0,60.0,50.0,35.0,75.0,60.0
Red Guardian,57.5,19.0,15.5,12.5,22.5,72.5
Red Harpy,70.0,100.0,85.0,100.0,85.0,70.0
Red Hulk,85.0,100.0,100.0,100.0,100.0,75.0
Red Norvell,70.0,100.0,100.0,100.0,100.0,80.0
Red She-Hulk,70.0,100.0,75.0,100.0,80.0,70.0
Red Shift,60.0,100.0,100.0,100.0,100.0,75.0
Red Skull,82.5,43.75,39.75,37.5,43.75,75.0
Redroot The Forest,50.0,1.0,1.0,30.0,80.0,40.0
Reed Richards,95.0,25.0,25.0,60.0,75.0,65.0
Regent,80.0,75.0,50.0,60.0,80.0,70.0
Rescue,57.5,32.5,40.0,37.5,45.0,37.5
Rhino,40.0,30.0,22.33,26.67,30.0,25.0
Riot,55.0,31.67,25.0,39.33,56.67,70.0
Risque,50.0,1.0,6.0,7.0,55.0,20.0
Rocket Raccoon,80.0,1.0,15.0,21.0,20.0,62.5
Rogue,64.29,58.0,36.57,50.71,80.71,64.29
Romulus,80.0,25.0,25.0,50.0,40.0,85.0
Ronan The Accuser,77.5,41.25,29.0,52.5,76.25,75.0
Ronin,70.0,3.0,13.0,30.0,20.0,87.5
Rose Father,85.0,100.0,85.0,65.0,75.0,65.0
Rose Roche,55.0,25.0,11.0,12.0,70.0,40.0
Rune King Thor,100.0,100.0,100.0,100.0,100.0,100.0
Ruth,100.0,100.0,80.0,100.0,95.0,90.0
Sabreclaw,45.0,25.0,17.0,65.0,35.0,50.0
Sabretooth,57.5,21.5,19.5,40.0,42.5,90.0
Sanar,90.0,100.0,100.0,100.0,100.0,40.0
Sandman,55.0,47.5,21.0,60.0,55.0,40.0
Santa Claus,90.0,97.5,90.0,80.0,100.0,80.0
Satan,95.0,100.0,100.0,100.0,100.0,70.0
Satana,80.0,100.0,100.0,100.0,100.0,80.0
Satannish,80.0,100.0,100.0,100.0,100.0,40.0
Saul,70.0,1.0,10.0,35.0,70.0,50.0
Savage She Hulk,65.0,100.0,75.0,70.0,75.0,60.0
Saya Ishii,80.0,1.0,6.0,10.0,30.0,75.0
Scarlet Scarab,60.0,25.0,17.0,20.0,40.0,70.0
Scarlet Spider,80.0,30.0,22.0,30.0,45.0,60.0
Scarlet Witch,82.14,61.57,85.0,81.43,97.14,66.43
Scathan,100.0,100.0,100.0,100.0,100.0,70.0
Scorn,70.0,30.0,25.0,65.0,70.0,70.0
Scorpion,65.0,29.0,21.0,20.0,35.0,60.0
Scout,70.0,100.0,95.0,85.0,80.0,60.0
Scream,52.5,25.0,25.0,50.0,61.25,71.25
Scrier,100.0,100.0,100.0,100.0,100.0,60.0
Sekhmet,80.0,100.0,80.0,70.0,85.0,70.0
Selene,95.0,95.0,80.0,100.0,100.0,70.0
Sentinel,80.0,50.0,27.5,20.0,55.0,54.5
Sentinel Hounds,60.0,25.0,14.0,55.0,65.0,50.0
Sentry,83.75,100.0,100.0,100.0,100.0,65.0
Serafina,65.0,1.0,1.0,17.0,60.0,40.0
Serleena,65.0,25.0,17.0,40.0,50.0,40.0
Serpent,80.0,100.0,100.0,100.0,100.0,80.0
Sersi,70.0,35.0,28.5,52.5,92.5,50.0
Servitor Of The Celestial Destructor,60.0,35.0,25.0,25.0,40.0,70.0
Seth,90.0,100.0,100.0,100.0,100.0,95.0
Shadow Colonel,60.0,25.0,25.0,20.0,35.0,70.0
Shadowcat,70.0,1.0,10.33,18.33,58.33,55.0
Shadowknight,65.0,13.0,25.0,20.0,35.0,90.0
Shadrak,90.0,30.0,80.0,40.0,60.0,20.0
Shang-Chi,78.33,51.67,50.0,46.67,60.0,96.67
Shang-chi,80.0,100.0,100.0,100.0,100.0,100.0
Shaper Of Worlds,100.0,100.0,100.0,100.0,100.0,40.0
Sharra,90.0,100.0,100.0,90.0,100.0,60.0
Shatterstar,75.0,25.0,25.0,20.0,25.0,95.0
She-Hulk,65.0,76.67,56.67,75.0,71.67,71.67
She-Venom,60.0,25.0,20.0,15.0,45.0,35.0
Shocker,62.5,25.0,25.0,25.0,30.0,52.5
Shriek,60.0,3.0,11.0,12.5,27.5,32.5
Shuma Gorath,97.5,100.0,100.0,100.0,97.5,62.5
Shuri,85.0,1.0,6.0,15.0,15.0,30.0
Sif,72.5,37.5,40.0,55.0,60.0,90.0
Sigurd The Everglorious,65.0,25.0,17.0,15.0,35.0,85.0
Silence,52.5,30.0,25.0,60.0,65.0,70.0
Silk,65.0,25.0,25.0,20.0,40.0,75.0
Silver Dagger,85.0,50.0,75.0,35.0,80.0,65.0
Silver Galactus,100.0,100.0,100.0,100.0,100.0,70.0
Silver Sable,70.0,5.0,15.5,15.0,12.5,82.5
Silver Samurai,45.0,25.0,25.0,20.0,30.0,80.0
Silver Sentry,95.0,100.0,100.0,100.0,100.0,95.0
Silver Surfer,89.0,89.5,100.0,87.0,95.5,70.0
Singularity,75.0,100.0,85.0,50.0,60.0,35.0
Sinister Strange,80.0,30.0,25.0,50.0,90.0,60.0
Sire Hate,100.0,100.0,100.0,100.0,100.0,100.0
Siryn,60.0,8.0,25.0,25.0,35.0,40.0
Sister Grimm,65.0,13.0,35.0,40.0,50.0,30.0
Skaar,65.0,100.0,100.0,100.0,100.0,85.0
Skirn: Breaker Of Men,40.0,100.0,10.0,15.0,50.0,60.0
Sleeper,55.0,30.0,37.5,37.5,55.0,70.0
Sligguth,100.0,100.0,100.0,100.0,100.0,90.0
Slorioth,100.0,100.0,100.0,100.0,100.0,100.0
Songbird,65.0,15.0,35.0,25.0,25.0,70.0
Sophie Cuckoo,55.0,25.0,6.0,70.0,70.0,15.0
Spectral Vision,80.0,75.0,35.0,40.0,60.0,65.0
Spectrum,80.0,50.0,100.0,100.0,100.0,70.0
Speed,50.0,1.0,50.0,7.5,35.0,15.0
Speed Demon,65.0,20.0,80.0,30.0,60.0,70.0
Speedfreek,45.0,9.0,25.0,15.0,25.0,19.0
Sphinx,80.0,100.0,90.0,100.0,100.0,80.0
Spider-Girl,60.0,25.0,25.0,25.0,40.0,55.0
Spider-Gwen,80.0,25.0,25.0,30.0,50.0,65.0
Spider-Hulk,65.0,100.0,75.0,85.0,90.0,70.0
Spider-Man,76.96,43.91,34.26,34.04,51.96,68.26
Spider-Queen,70.0,25.0,6.0,20.0,80.0,70.0
Spider-Woman,66.67,35.0,17.67,24.0,56.67,75.0
Spidey,70.0,25.0,25.0,30.0,50.0,40.0
Spin,50.0,25.0,25.0,30.0,50.0,40.0
Spinneret,65.0,25.0,19.0,15.0,40.0,70.0
Spirit Rider,60.0,100.0,100.0,100.0,100.0,40.0
Spot,75.0,5.0,17.0,15.0,25.0,50.0
Sprite,65.0,25.0,6.0,15.0,60.0,55.0
Squirrel Girl,32.5,25.0,25.0,15.0,40.0,40.0
Stan Lee,100.0,100.0,100.0,100.0,100.0,100.0
Stanbuster,100.0,100.0,100.0,100.0,100.0,100.0
Star,55.0,1.0,6.0,7.0,75.0,25.0
Star Child,90.0,100.0,90.0,70.0,85.0,70.0
Star-Lord,68.75,32.75,25.25,25.0,38.75,66.25
Starbrand,55.0,65.0,75.0,67.5,100.0,37.0
Stardust,60.0,100.0,100.0,100.0,100.0,80.0
Starfox,75.0,50.0,90.0,80.0,85.0,70.0
Starship Hulk,90.0,100.0,100.0,100.0,100.0,70.0
Stature,60.0,5.0,11.0,15.0,20.0,75.0
Steel Serpent,60.0,25.0,25.0,25.0,50.0,100.0
Storm,63.75,15.25,21.5,30.0,63.75,72.5
Stranger,100.0,100.0,100.0,100.0,100.0,70.0
Stryfe,75.0,50.0,50.0,60.0,90.0,90.0
Sublime,90.0,25.0,10.0,55.0,70.0,45.0
Summoner,70.0,30.0,50.0,20.0,50.0,40.0
Sun God,90.0,95.0,95.0,75.0,80.0,90.0
Super Adaptoid,100.0,100.0,100.0,100.0,100.0,100.0
Super Skrull,60.0,100.0,60.0,100.0,100.0,80.0
Supergiant,75.0,10.0,30.0,30.0,65.0,40.0
Superior Spider-Man,85.0,50.0,25.0,30.0,35.0,60.0
Surtur,58.33,100.0,50.0,66.67,83.33,68.33
Swarm,80.0,8.0,25.0,15.0,30.0,40.0
Swordsman,60.0,5.0,11.0,10.0,15.0,80.0
Sylene Lokisdottir,65.0,80.0,50.0,95.0,95.0,40.0
Symbiote Supreme,80.0,45.0,50.0,90.0,100.0,80.0
Talos The Untamed,65.0,13.0,17.0,15.0,50.0,50.0
Tarantula,90.0,25.0,75.0,15.0,25.0,100.0
Taskmaster,63.33,10.33,19.33,20.0,23.33,98.33
Teenage Groot,45.0,25.0,6.0,15.0,35.0,20.0
Tefral The Surveyor,100.0,100.0,100.0,100.0,100.0,72.5
Tenebrous Of The Darkness Between,100.0,100.0,100.0,100.0,100.0,80.0
Teresa Parker,65.0,5.0,15.0,10.0,10.0,60.0
Terminus,100.0,100.0,100.0,100.0,100.0,100.0
Terrax The Tamer,60.0,100.0,100.0,100.0,100.0,75.0
Thakorr,70.0,30.0,25.0,30.0,65.0,85.0
Thane,85.0,100.0,100.0,100.0,100.0,90.0
Thanos,94.64,96.43,77.86,86.07,93.93,96.07
The A,50.0,1.0,6.0,10.0,30.0,30.0
The Alien Entity,100.0,100.0,100.0,100.0,100.0,100.0
The Arachknight,90.0,40.0,25.0,25.0,50.0,75.0
The Awareness,80.0,100.0,90.0,80.0,90.0,50.0
The Beyonder,100.0,100.0,100.0,100.0,100.0,80.0
The Black Winter,100.0,100.0,100.0,100.0,100.0,70.0
The Collector,75.0,13.0,7.0,20.0,25.0,60.0
The Coven,95.0,100.0,100.0,100.0,90.0,60.0
The Divine Creator,100.0,100.0,100.0,100.0,100.0,100.0
The Dreamer,100.0,100.0,100.0,100.0,100.0,100.0
The Executioner,55.0,13.0,11.0,15.0,20.0,60.0
The Fifth,100.0,100.0,100.0,100.0,100.0,100.0
The First Firmament,100.0,100.0,100.0,100.0,100.0,100.0
The Fittest,55.0,1.0,7.0,20.0,70.0,70.0
The Fourth,100.0,100.0,100.0,100.0,100.0,100.0
The Fulcrum,100.0,100.0,100.0,100.0,100.0,100.0
The Grandmaster,80.0,1.0,1.0,10.0,10.0,50.0
The Great Protector,65.0,75.0,25.0,35.0,80.0,60.0
The Hand Of Bast,70.0,80.0,50.0,55.0,85.0,70.0
The Hood,65.0,100.0,90.0,95.0,100.0,45.0
The Horde,50.0,100.0,75.0,100.0,85.0,20.0
The Hulk,50.0,100.0,100.0,100.0,100.0,70.0
The Human Spider,70.0,25.0,17.0,25.0,40.0,50.0
The Keeper,95.0,100.0,100.0,100.0,100.0,95.0
The Living Tribunal,100.0,100.0,100.0,100.0,100.0,100.0
The Lizard,75.0,25.0,20.0,15.0,40.0,20.0
The Mad Celestial,100.0,100.0,100.0,100.0,100.0,60.0
The Maker,100.0,30.0,25.0,50.0,50.0,50.0
The One Below All,100.0,100.0,100.0,100.0,100.0,100.0
The One-Above-All,100.0,100.0,100.0,100.0,100.0,100.0
The Progenitor,95.0,100.0,100.0,75.0,70.0,80.0
The Punisher,65.0,5.0,11.0,12.33,13.33,75.0
The Queen Of Nevers,100.0,100.0,100.0,100.0,100.0,100.0
The Rhino,50.0,25.0,25.0,25.0,30.0,35.0
The Runner,85.0,100.0,100.0,100.0,100.0,70.0
The Second,100.0,100.0,100.0,100.0,100.0,100.0
The Shadow Of Thunder,80.0,75.0,80.0,60.0,100.0,95.0
The Shocker,45.0,1.0,1.0,5.0,15.0,40.0
The Sixth,100.0,100.0,100.0,100.0,100.0,100.0
The Spider,85.0,50.0,25.0,30.0,40.0,70.0
The Thing,60.0,30.0,6.0,50.0,55.0,40.0
The Third,100.0,100.0,100.0,100.0,100.0,100.0
The Twins,60.0,30.0,17.0,30.0,45.0,70.0
The Ultimate Juggernaut,75.0,100.0,25.0,70.0,85.0,70.0
The Wasp,90.0,1.0,25.0,35.0,30.0,35.0
The Watcher,100.0,100.0,100.0,100.0,100.0,55.0
The Wolf,70.0,1.0,1.0,20.0,65.0,40.0
The Wolverine,70.0,25.0,17.0,35.0,50.0,85.0
Then,100.0,100.0,100.0,100.0,100.0,100.0
Thena,76.67,56.67,61.33,55.0,75.0,88.33
Thing,63.75,97.5,43.75,85.0,75.0,62.5
Thor,69.5,95.5,79.75,79.0,90.0,83.25
Thor Girl,60.0,100.0,80.0,85.0,100.0,90.0
Thor Odinson,85.0,100.0,100.0,100.0,100.0,100.0
Thorr,70.0,100.0,90.0,60.0,70.0,100.0
Those Who Sit Above In Shadow,100.0,100.0,100.0,100.0,100.0,100.0
Thunderbolt Ross,55.0,1.0,1.0,5.0,0.0,50.0
Tiamut,100.0,100.0,97.5,97.5,100.0,42.5
Tiboro,85.0,100.0,100.0,100.0,100.0,50.0
Tiger Shark,55.0,75.0,50.0,50.0,55.0,60.0
Tiger's Beautiful Daughter,60.0,30.0,25.0,20.0,50.0,100.0
Tigra,60.0,25.0,25.0,15.0,30.0,60.0
Toad,55.0,25.0,19.0,15.0,30.0,10.0
Toxie Doxie,80.0,1.0,20.0,30.0,60.0,50.0
Toxin,65.0,45.0,35.0,51.67,71.67,71.67
Trace-E,70.0,1.0,25.0,30.0,10.0,5.0
Trapster,85.0,8.0,11.0,15.0,15.0,70.0
Trinary,60.0,1.0,6.0,7.0,30.0,25.0
Typhoid Mary,60.0,5.0,14.0,15.0,10.0,75.0
Tyrant,85.0,100.0,100.0,100.0,100.0,60.0
U-Go Girl,50.0,1.0,100.0,10.0,50.0,40.0
U-Man,65.0,30.0,25.0,40.0,40.0,70.0
US Agent,70.0,35.0,27.5,27.5,35.0,85.0
Ulik,60.0,100.0,80.0,85.0,75.0,90.0
Ultima,60.0,80.0,45.0,70.0,70.0,75.0
Ultimate Vision,90.0,30.0,100.0,75.0,100.0,30.0
Ultimaton,60.0,30.0,25.0,35.0,60.0,65.0
Ultimus,60.0,30.0,25.0,40.0,60.0,80.0
Ultron,95.0,77.5,71.25,80.0,77.5,80.0
Uluath,100.0,100.0,100.0,100.0,100.0,100.0
Umar,90.0,100.0,100.0,100.0,100.0,60.0
Union Jack,50.0,13.0,7.0,20.0,20.0,90.0
Unmaker,90.0,100.0,100.0,100.0,100.0,70.0
Unspoken,85.0,100.0,80.0,75.0,70.0,80.0
Unstoppable Colossus,65.0,100.0,90.0,100.0,100.0,80.0
Unworthy Thor,70.0,8.0,11.0,15.0,15.0,75.0
Uovu,80.0,50.0,25.0,50.0,60.0,60.0
Uranos,80.0,50.0,25.0,60.0,90.0,80.0
Valeria Richards,92.5,1.0,1.0,20.0,42.5,14.5
Valknar The Exhumer,95.0,100.0,100.0,90.0,95.0,60.0
Valkyrie,69.0,66.0,75.0,71.0,75.0,85.0
Vamp,60.0,1.0,6.0,15.0,55.0,60.0
Varnae,55.0,50.0,30.0,30.0,90.0,50.0
Veil,60.0,1.0,17.0,50.0,20.0,15.0
Venom,62.14,30.0,21.43,25.71,52.14,75.0
Venompool,65.0,75.0,25.0,100.0,100.0,100.0
Venus,60.0,25.0,100.0,100.0,85.0,10.0
Victor Mancha,90.0,75.0,90.0,60.0,80.0,75.0
Viper,80.0,13.0,25.0,14.0,30.0,80.0
Virginia Dare,60.0,25.0,14.0,20.0,40.0,65.0
Virus,55.0,30.0,25.0,25.0,40.0,50.0
Vishnu,90.0,100.0,100.0,100.0,100.0,85.0
Vision,89.17,67.5,53.33,58.33,74.17,69.17
Vivisector,65.0,25.0,6.0,30.0,30.0,40.0
Void,80.0,100.0,100.0,100.0,100.0,50.0
Void Knight,85.0,100.0,100.0,100.0,95.0,85.0
Volstagg,60.0,30.0,25.0,75.0,25.0,80.0
Vox Supreme,95.0,30.0,8.0,70.0,50.0,65.0
Voyager,90.0,30.0,75.0,25.0,60.0,85.0
Vulcan,70.0,75.0,100.0,100.0,100.0,60.0
Vulture,72.5,25.0,25.0,25.0,32.5,37.5
War,60.0,62.5,18.5,77.5,80.0,77.5
War Machine,59.0,60.0,52.0,52.0,58.0,67.0
Warbringer,60.0,100.0,80.0,60.0,70.0,75.0
Warlock,98.33,91.67,100.0,100.0,100.0,83.33
Warpath,60.0,30.0,25.0,30.0,60.0,80.0
Warrior Woman,70.0,30.0,35.0,50.0,40.0,100.0
Watcher,100.0,100.0,100.0,100.0,100.0,50.0
Weapon H,65.0,100.0,100.0,100.0,100.0,75.0
Weapon XI,60.0,25.0,11.0,20.0,45.0,90.0
Wendigo,50.0,80.0,25.0,60.0,70.0,40.0
Whiplash,77.5,15.0,10.5,10.0,15.0,45.0
White Fox,70.0,5.0,25.0,15.0,35.0,75.0
White Phoenix,100.0,100.0,100.0,100.0,100.0,50.0
White Phoenix of the Crown,100.0,100.0,100.0,100.0,100.0,100.0
White Sword,50.0,16.0,1.0,35.0,75.0,60.0
White Wolf,60.0,25.0,20.0,15.0,20.0,75.0
Wiccan,70.0,5.0,25.0,100.0,100.0,40.0
Wild Thing,45.0,25.0,20.0,70.0,40.0,70.0
Winter Hulk,65.0,100.0,75.0,100.0,85.0,90.0
Winter Soldier,63.33,25.0,20.67,15.0,20.0,80.0
Witch Of The Winds,80.0,100.0,100.0,90.0,100.0,60.0
Wizard,85.0,8.0,25.0,14.0,20.0,20.0
Woden,40.0,1.0,25.0,100.0,100.0,90.0
Wolfsbane,60.0,25.0,25.0,20.0,35.0,60.0
Wolverine,65.0,17.33,18.83,56.67,52.5,82.5
Wonder Man,70.0,95.0,75.0,90.0,85.0,70.0
Wong,70.0,15.0,37.5,47.5,65.0,72.5
World Breaker Hulk,90.0,100.0,100.0,100.0,100.0,87.5
Worthy Loki,90.0,100.0,100.0,100.0,100.0,75.0
Wraith,75.0,25.0,17.0,20.0,40.0,80.0
X-23,55.0,13.0,19.33,46.67,50.0,58.33
X-Legion,100.0,100.0,100.0,100.0,100.0,100.0
X-Man,90.0,100.0,100.0,100.0,100.0,75.0
Xavier,60.0,1.0,1.0,5.0,60.0,19.0
Xemnu,80.0,100.0,80.0,100.0,100.0,50.0
Xialing,65.0,5.0,14.0,10.0,10.0,75.0
"Xodus, The Forgotten",95.0,100.0,95.0,85.0,95.0,70.0
Xorn,65.0,17.0,14.0,46.67,76.67,43.33
YellowJacket,65.0,25.0,25.0,20.0,50.0,30.0
Yellowjacket,95.0,5.0,25.0,15.0,35.0,70.0
Ymir,60.0,100.0,90.0,100.0,100.0,85.0
Yondu,55.0,5.0,20.0,15.0,20.0,60.0
Yukio,65.0,1.0,6.0,10.0,40.0,60.0
Zadkiel,100.0,100.0,100.0,100.0,100.0,100.0
Zarathos,100.0,100.0,100.0,100.0,100.0,90.0
Zarrko The Tomorrow Man,80.0,45.0,35.0,70.0,100.0,1.0
Zeus,95.0,100.0,100.0,100.0,100.0,95.0
Zgreb The Sorrower,100.0,100.0,100.0,100.0,100.0,100.0
Ziran The Tester,100.0,100.0,100.0,100.0,100.0,90.0
Zom,90.0,100.0,100.0,100.0,100.0,80.0
Zombie Captain America,45.0,19.0,17.0,15.0,20.0,80.0
Zombie Doctor Strange,40.0,1.0,1.0,15.0,60.0,19.0
Zombie Falcon,40.0,1.0,1.0,15.0,30.0,30.0
